{
    "11": {
        "score": -0.7110109329223633,
        "hyperparameters": {
            "hidden_sizes": [
                75
            ],
            "latent_dim": 20,
            "lr": 0.006809
        }
    },
    "34": {
        "score": -0.7120389938354492,
        "hyperparameters": {
            "hidden_sizes": [
                100
            ],
            "latent_dim": 15,
            "lr": 0.005216
        }
    },
    "3": {
        "score": -0.716413676738739,
        "hyperparameters": {
            "hidden_sizes": [
                50
            ],
            "latent_dim": 10,
            "lr": 0.011337
        }
    },
    "1": {
        "score": -0.718201220035553,
        "hyperparameters": {
            "hidden_sizes": [
                100
            ],
            "latent_dim": 15,
            "lr": 0.004508
        }
    },
    "24": {
        "score": -0.7219722867012024,
        "hyperparameters": {
            "hidden_sizes": [
                75
            ],
            "latent_dim": 15,
            "lr": 0.006897
        }
    },
    "30": {
        "score": -0.7256520390510559,
        "hyperparameters": {
            "hidden_sizes": [
                75
            ],
            "latent_dim": 15,
            "lr": 0.005725
        }
    },
    "31": {
        "score": -0.7269510626792908,
        "hyperparameters": {
            "hidden_sizes": [
                30
            ],
            "latent_dim": 20,
            "lr": 0.01057
        }
    },
    "36": {
        "score": -0.7421166300773621,
        "hyperparameters": {
            "hidden_sizes": [
                30
            ],
            "latent_dim": 5,
            "lr": 0.0148
        }
    },
    "7": {
        "score": -0.7476364970207214,
        "hyperparameters": {
            "hidden_sizes": [
                25
            ],
            "latent_dim": 5,
            "lr": 0.016368
        }
    },
    "28": {
        "score": -0.7666991949081421,
        "hyperparameters": {
            "hidden_sizes": [
                25,
                25
            ],
            "latent_dim": 15,
            "lr": 0.011064
        }
    }
}