{
    "2": {
        "score": 0.03025830258302583,
        "hyperparameters": {
            "C": 100
        }
    },
    "4": {
        "score": 0.02915129151291513,
        "hyperparameters": {
            "C": 10000
        }
    },
    "3": {
        "score": 0.028782287822878228,
        "hyperparameters": {
            "C": 1000
        }
    },
    "1": {
        "score": 0.02841328413284133,
        "hyperparameters": {
            "C": 10
        }
    },
    "0": {
        "score": 0.026199261992619925,
        "hyperparameters": {
            "C": 1
        }
    }
}