{
    "95": {
        "score": 0.7091106371833726,
        "hyperparameters": {
            "dropout_rate": 0.081,
            "hidden_sizes": [
                50
            ],
            "lr": 0.001946,
            "posterior_mu_init": -0.450607,
            "posterior_rho_init": -6.540315,
            "prior_pi": 0.197712,
            "prior_sigma_1": 0.67032,
            "prior_sigma_2": 0.740818,
            "class_weight": false,
            "input_size": 588
        }
    },
    "48": {
        "score": 0.6881853021823838,
        "hyperparameters": {
            "dropout_rate": 0.038759,
            "hidden_sizes": [
                30,
                30
            ],
            "lr": 0.002287,
            "posterior_mu_init": 0.518821,
            "posterior_rho_init": -4.475038,
            "prior_pi": 0.858602,
            "prior_sigma_1": 0.904837,
            "prior_sigma_2": 0.67032,
            "class_weight": false,
            "input_size": 588
        }
    },
    "13": {
        "score": 0.6658115923437509,
        "hyperparameters": {
            "dropout_rate": 0.427486,
            "hidden_sizes": [
                50
            ],
            "lr": 0.001181,
            "posterior_mu_init": -0.54769,
            "posterior_rho_init": -6.171392,
            "prior_pi": 0.418549,
            "prior_sigma_1": 0.904837,
            "prior_sigma_2": 0.818731,
            "class_weight": false,
            "input_size": 588
        }
    },
    "26": {
        "score": 0.6595601558616487,
        "hyperparameters": {
            "dropout_rate": 0.287032,
            "hidden_sizes": [
                30,
                30,
                30
            ],
            "lr": 0.002099,
            "posterior_mu_init": 0.220612,
            "posterior_rho_init": -6.76477,
            "prior_pi": 0.593147,
            "prior_sigma_1": 0.904837,
            "prior_sigma_2": 0.904837,
            "class_weight": false,
            "input_size": 588
        }
    },
    "41": {
        "score": 0.6401212791772899,
        "hyperparameters": {
            "dropout_rate": 0.287833,
            "hidden_sizes": [
                50,
                50
            ],
            "lr": 0.000798,
            "posterior_mu_init": 0.161331,
            "posterior_rho_init": -6.312591,
            "prior_pi": 0.389821,
            "prior_sigma_1": 0.496585,
            "prior_sigma_2": 0.818731,
            "class_weight": false,
            "input_size": 588
        }
    },
    "63": {
        "score": 0.6286826056048191,
        "hyperparameters": {
            "dropout_rate": 0.020342,
            "hidden_sizes": [
                30,
                30,
                30
            ],
            "lr": 0.002498,
            "posterior_mu_init": 0.348937,
            "posterior_rho_init": -3.170805,
            "prior_pi": 0.233419,
            "prior_sigma_1": 0.904837,
            "prior_sigma_2": 0.740818,
            "class_weight": false,
            "input_size": 588
        }
    },
    "14": {
        "score": 0.6203765320248651,
        "hyperparameters": {
            "dropout_rate": 0.497679,
            "hidden_sizes": [
                100,
                100
            ],
            "lr": 0.008205,
            "posterior_mu_init": -0.530822,
            "posterior_rho_init": -7.741839,
            "prior_pi": 0.800041,
            "prior_sigma_1": 0.496585,
            "prior_sigma_2": 0.449329,
            "class_weight": false,
            "input_size": 588
        }
    },
    "81": {
        "score": 0.6192701067406421,
        "hyperparameters": {
            "dropout_rate": 0.389623,
            "hidden_sizes": [
                25,
                25
            ],
            "lr": 0.001108,
            "posterior_mu_init": 0.478162,
            "posterior_rho_init": -2.808134,
            "prior_pi": 0.781823,
            "prior_sigma_1": 0.606531,
            "prior_sigma_2": 0.548812,
            "class_weight": false,
            "input_size": 588
        }
    },
    "25": {
        "score": 0.6155996611238501,
        "hyperparameters": {
            "dropout_rate": 0.132956,
            "hidden_sizes": [
                25,
                25
            ],
            "lr": 0.005598,
            "posterior_mu_init": 0.377812,
            "posterior_rho_init": -5.977602,
            "prior_pi": 0.842061,
            "prior_sigma_1": 0.67032,
            "prior_sigma_2": 0.548812,
            "class_weight": false,
            "input_size": 588
        }
    },
    "30": {
        "score": 0.5456860104014667,
        "hyperparameters": {
            "dropout_rate": 0.31795,
            "hidden_sizes": [
                50
            ],
            "lr": 0.010495,
            "posterior_mu_init": -0.130225,
            "posterior_rho_init": -3.787374,
            "prior_pi": 0.872558,
            "prior_sigma_1": 0.496585,
            "prior_sigma_2": 0.548812,
            "class_weight": false,
            "input_size": 588
        }
    }
}