{
    "84": {
        "score": 0.7822661941642748,
        "hyperparameters": {
            "anneal": true,
            "beta": 1.437923,
            "dropout_rate": 0.082861,
            "hidden_sizes": [
                100
            ],
            "lr": 0.000578,
            "posterior_mu_init": 0.412893,
            "posterior_rho_init": -7.542776,
            "prior_pi": 0.484903,
            "prior_sigma_1": 0.449329,
            "prior_sigma_2": 0.740818,
            "class_weight": false,
            "input_size": 588
        }
    },
    "99": {
        "score": 0.746733239260459,
        "hyperparameters": {
            "anneal": false,
            "beta": 1.548379,
            "dropout_rate": 0.265922,
            "hidden_sizes": [
                30
            ],
            "lr": 0.000354,
            "posterior_mu_init": 0.067032,
            "posterior_rho_init": -7.915137,
            "prior_pi": 0.778118,
            "prior_sigma_1": 0.740818,
            "prior_sigma_2": 0.496585,
            "class_weight": false,
            "input_size": 588
        }
    },
    "42": {
        "score": 0.739005633682365,
        "hyperparameters": {
            "anneal": false,
            "beta": 0.986299,
            "dropout_rate": 0.12111,
            "hidden_sizes": [
                75
            ],
            "lr": 0.000731,
            "posterior_mu_init": 0.177685,
            "posterior_rho_init": -6.213837,
            "prior_pi": 0.813872,
            "prior_sigma_1": 0.740818,
            "prior_sigma_2": 0.548812,
            "class_weight": false,
            "input_size": 588
        }
    },
    "27": {
        "score": 0.7368482380043723,
        "hyperparameters": {
            "anneal": true,
            "beta": 1.672512,
            "dropout_rate": 0.37383,
            "hidden_sizes": [
                100
            ],
            "lr": 0.000467,
            "posterior_mu_init": 0.586841,
            "posterior_rho_init": -6.580401,
            "prior_pi": 0.833466,
            "prior_sigma_1": 0.740818,
            "prior_sigma_2": 0.818731,
            "class_weight": false,
            "input_size": 588
        }
    },
    "89": {
        "score": 0.717613809470359,
        "hyperparameters": {
            "anneal": false,
            "beta": 1.741699,
            "dropout_rate": 0.098042,
            "hidden_sizes": [
                50,
                50
            ],
            "lr": 0.001591,
            "posterior_mu_init": 0.403159,
            "posterior_rho_init": -3.669473,
            "prior_pi": 0.208966,
            "prior_sigma_1": 0.67032,
            "prior_sigma_2": 0.449329,
            "class_weight": false,
            "input_size": 588
        }
    },
    "26": {
        "score": 0.6690048586501611,
        "hyperparameters": {
            "anneal": false,
            "beta": 0.87642,
            "dropout_rate": 0.094784,
            "hidden_sizes": [
                30
            ],
            "lr": 0.000505,
            "posterior_mu_init": 0.345825,
            "posterior_rho_init": -5.530585,
            "prior_pi": 0.484821,
            "prior_sigma_1": 0.496585,
            "prior_sigma_2": 0.740818,
            "class_weight": false,
            "input_size": 588
        }
    },
    "53": {
        "score": 0.6540520821641037,
        "hyperparameters": {
            "anneal": false,
            "beta": 0.313842,
            "dropout_rate": 0.337767,
            "hidden_sizes": [
                50
            ],
            "lr": 0.000419,
            "posterior_mu_init": -0.291182,
            "posterior_rho_init": -7.504084,
            "prior_pi": 0.310888,
            "prior_sigma_1": 0.818731,
            "prior_sigma_2": 0.818731,
            "class_weight": false,
            "input_size": 588
        }
    },
    "67": {
        "score": 0.6356660466409035,
        "hyperparameters": {
            "anneal": true,
            "beta": 0.225603,
            "dropout_rate": 0.056467,
            "hidden_sizes": [
                30,
                30,
                30
            ],
            "lr": 0.001415,
            "posterior_mu_init": 0.260164,
            "posterior_rho_init": -5.840796,
            "prior_pi": 0.738186,
            "prior_sigma_1": 0.904837,
            "prior_sigma_2": 0.449329,
            "class_weight": false,
            "input_size": 588
        }
    },
    "60": {
        "score": 0.6354167000732271,
        "hyperparameters": {
            "anneal": false,
            "beta": 2.296219,
            "dropout_rate": 0.267926,
            "hidden_sizes": [
                50,
                50,
                50
            ],
            "lr": 0.00015,
            "posterior_mu_init": -0.058694,
            "posterior_rho_init": -6.27738,
            "prior_pi": 0.748411,
            "prior_sigma_1": 0.496585,
            "prior_sigma_2": 0.67032,
            "class_weight": false,
            "input_size": 588
        }
    },
    "38": {
        "score": 0.6298308559028056,
        "hyperparameters": {
            "anneal": false,
            "beta": 1.668456,
            "dropout_rate": 0.177452,
            "hidden_sizes": [
                50,
                50
            ],
            "lr": 0.003259,
            "posterior_mu_init": 0.561014,
            "posterior_rho_init": -6.311495,
            "prior_pi": 0.297116,
            "prior_sigma_1": 0.740818,
            "prior_sigma_2": 0.904837,
            "class_weight": false,
            "input_size": 588
        }
    }
}