{
    "3": {
        "score": 0.05375590964804763,
        "hyperparameters": {
            "C": 1000
        }
    },
    "2": {
        "score": 0.053580808965154963,
        "hyperparameters": {
            "C": 100
        }
    },
    "4": {
        "score": 0.053580808965154963,
        "hyperparameters": {
            "C": 10000
        }
    },
    "1": {
        "score": 0.053230607599369636,
        "hyperparameters": {
            "C": 10
        }
    },
    "0": {
        "score": 0.05305550691647697,
        "hyperparameters": {
            "C": 1
        }
    }
}