{
    "31": {
        "score": 0.821943834217939,
        "hyperparameters": {
            "dropout_rate": 0.381918,
            "hidden_sizes": [
                75
            ],
            "lr": 0.000904,
            "class_weight": false,
            "input_size": 588
        }
    },
    "15": {
        "score": 0.820956336289146,
        "hyperparameters": {
            "dropout_rate": 0.47208,
            "hidden_sizes": [
                50
            ],
            "lr": 0.002471,
            "class_weight": false,
            "input_size": 588
        }
    },
    "36": {
        "score": 0.8208948682178001,
        "hyperparameters": {
            "dropout_rate": 0.497679,
            "hidden_sizes": [
                100,
                100
            ],
            "lr": 0.008205,
            "class_weight": false,
            "input_size": 588
        }
    },
    "26": {
        "score": 0.8203451298579821,
        "hyperparameters": {
            "dropout_rate": 0.157483,
            "hidden_sizes": [
                30
            ],
            "lr": 0.000538,
            "class_weight": false,
            "input_size": 588
        }
    },
    "34": {
        "score": 0.8196847489697416,
        "hyperparameters": {
            "dropout_rate": 0.178699,
            "hidden_sizes": [
                30,
                30
            ],
            "lr": 0.000494,
            "class_weight": false,
            "input_size": 588
        }
    },
    "12": {
        "score": 0.8188249977283538,
        "hyperparameters": {
            "dropout_rate": 0.388502,
            "hidden_sizes": [
                75,
                75,
                75
            ],
            "lr": 0.001961,
            "class_weight": false,
            "input_size": 588
        }
    },
    "25": {
        "score": 0.8186123983772428,
        "hyperparameters": {
            "dropout_rate": 0.337345,
            "hidden_sizes": [
                50
            ],
            "lr": 0.000336,
            "class_weight": false,
            "input_size": 588
        }
    },
    "16": {
        "score": 0.8181656858500499,
        "hyperparameters": {
            "dropout_rate": 0.284215,
            "hidden_sizes": [
                50
            ],
            "lr": 0.000895,
            "class_weight": false,
            "input_size": 588
        }
    },
    "11": {
        "score": 0.8179755357076044,
        "hyperparameters": {
            "dropout_rate": 0.146857,
            "hidden_sizes": [
                50,
                50,
                50
            ],
            "lr": 0.01986,
            "class_weight": false,
            "input_size": 588
        }
    },
    "6": {
        "score": 0.8179218179582979,
        "hyperparameters": {
            "dropout_rate": 0.315896,
            "hidden_sizes": [
                30
            ],
            "lr": 0.000336,
            "class_weight": false,
            "input_size": 588
        }
    }
}