{
    "24": {
        "score": -3.9491257667541504,
        "hyperparameters": {
            "hidden_sizes": [
                75
            ],
            "latent_dim": 15,
            "lr": 0.006897,
            "input_size": 588
        }
    },
    "11": {
        "score": -3.950299024581909,
        "hyperparameters": {
            "hidden_sizes": [
                75
            ],
            "latent_dim": 20,
            "lr": 0.006809,
            "input_size": 588
        }
    },
    "1": {
        "score": -3.9544310569763184,
        "hyperparameters": {
            "hidden_sizes": [
                100
            ],
            "latent_dim": 15,
            "lr": 0.004508,
            "input_size": 588
        }
    },
    "3": {
        "score": -3.9547829627990723,
        "hyperparameters": {
            "hidden_sizes": [
                50
            ],
            "latent_dim": 10,
            "lr": 0.011337,
            "input_size": 588
        }
    },
    "31": {
        "score": -3.9551773071289062,
        "hyperparameters": {
            "hidden_sizes": [
                30
            ],
            "latent_dim": 20,
            "lr": 0.01057,
            "input_size": 588
        }
    },
    "30": {
        "score": -3.956176280975342,
        "hyperparameters": {
            "hidden_sizes": [
                75
            ],
            "latent_dim": 15,
            "lr": 0.005725,
            "input_size": 588
        }
    },
    "34": {
        "score": -3.961578845977783,
        "hyperparameters": {
            "hidden_sizes": [
                100
            ],
            "latent_dim": 15,
            "lr": 0.005216,
            "input_size": 588
        }
    },
    "36": {
        "score": -3.97607159614563,
        "hyperparameters": {
            "hidden_sizes": [
                30
            ],
            "latent_dim": 5,
            "lr": 0.0148,
            "input_size": 588
        }
    },
    "7": {
        "score": -3.982189416885376,
        "hyperparameters": {
            "hidden_sizes": [
                25
            ],
            "latent_dim": 5,
            "lr": 0.016368,
            "input_size": 588
        }
    },
    "28": {
        "score": -4.009123802185059,
        "hyperparameters": {
            "hidden_sizes": [
                25,
                25
            ],
            "latent_dim": 15,
            "lr": 0.011064,
            "input_size": 588
        }
    }
}