{
    "42": {
        "score": 0.7604849279161205,
        "hyperparameters": {
            "anneal": false,
            "beta": 0.986299,
            "dropout_rate": 0.12111,
            "hidden_sizes": [
                75
            ],
            "lr": 0.000731,
            "posterior_mu_init": 0.177685,
            "posterior_rho_init": -6.213837,
            "prior_pi": 0.813872,
            "prior_sigma_1": 0.740818,
            "prior_sigma_2": 0.548812,
            "class_weight": false,
            "input_size": 588
        }
    },
    "67": {
        "score": 0.7450110974268458,
        "hyperparameters": {
            "anneal": true,
            "beta": 0.225603,
            "dropout_rate": 0.056467,
            "hidden_sizes": [
                30,
                30,
                30
            ],
            "lr": 0.001415,
            "posterior_mu_init": 0.260164,
            "posterior_rho_init": -5.840796,
            "prior_pi": 0.738186,
            "prior_sigma_1": 0.904837,
            "prior_sigma_2": 0.449329,
            "class_weight": false,
            "input_size": 588
        }
    },
    "99": {
        "score": 0.6966467330097408,
        "hyperparameters": {
            "anneal": false,
            "beta": 1.548379,
            "dropout_rate": 0.265922,
            "hidden_sizes": [
                30
            ],
            "lr": 0.000354,
            "posterior_mu_init": 0.067032,
            "posterior_rho_init": -7.915137,
            "prior_pi": 0.778118,
            "prior_sigma_1": 0.740818,
            "prior_sigma_2": 0.496585,
            "class_weight": false,
            "input_size": 588
        }
    },
    "44": {
        "score": 0.6841958811093476,
        "hyperparameters": {
            "anneal": false,
            "beta": 0.381756,
            "dropout_rate": 0.150527,
            "hidden_sizes": [
                100
            ],
            "lr": 0.000217,
            "posterior_mu_init": 0.050363,
            "posterior_rho_init": -4.519686,
            "prior_pi": 0.15794,
            "prior_sigma_1": 0.548812,
            "prior_sigma_2": 0.67032,
            "class_weight": false,
            "input_size": 588
        }
    },
    "5": {
        "score": 0.6506257532748935,
        "hyperparameters": {
            "anneal": false,
            "beta": 1.464234,
            "dropout_rate": 0.151275,
            "hidden_sizes": [
                30,
                30
            ],
            "lr": 0.005408,
            "posterior_mu_init": 0.500038,
            "posterior_rho_init": -7.346426,
            "prior_pi": 0.496393,
            "prior_sigma_1": 0.904837,
            "prior_sigma_2": 0.496585,
            "class_weight": false,
            "input_size": 588
        }
    },
    "25": {
        "score": 0.6444299643696859,
        "hyperparameters": {
            "anneal": true,
            "beta": 0.2395,
            "dropout_rate": 0.294009,
            "hidden_sizes": [
                30
            ],
            "lr": 0.011956,
            "posterior_mu_init": 0.088529,
            "posterior_rho_init": -7.384188,
            "prior_pi": 0.659867,
            "prior_sigma_1": 0.740818,
            "prior_sigma_2": 0.606531,
            "class_weight": false,
            "input_size": 588
        }
    },
    "0": {
        "score": 0.6368185949406271,
        "hyperparameters": {
            "anneal": true,
            "beta": 1.811093,
            "dropout_rate": 0.214235,
            "hidden_sizes": [
                25,
                25,
                25
            ],
            "lr": 0.001604,
            "posterior_mu_init": 0.263363,
            "posterior_rho_init": -5.461361,
            "prior_pi": 0.884611,
            "prior_sigma_1": 0.449329,
            "prior_sigma_2": 0.496585,
            "class_weight": false,
            "input_size": 588
        }
    },
    "16": {
        "score": 0.6350160863294192,
        "hyperparameters": {
            "anneal": true,
            "beta": 1.618669,
            "dropout_rate": 0.43656,
            "hidden_sizes": [
                75,
                75,
                75
            ],
            "lr": 0.002528,
            "posterior_mu_init": 0.439037,
            "posterior_rho_init": -2.09887,
            "prior_pi": 0.163493,
            "prior_sigma_1": 0.818731,
            "prior_sigma_2": 0.740818,
            "class_weight": false,
            "input_size": 588
        }
    },
    "38": {
        "score": 0.6060285865763945,
        "hyperparameters": {
            "anneal": false,
            "beta": 1.668456,
            "dropout_rate": 0.177452,
            "hidden_sizes": [
                50,
                50
            ],
            "lr": 0.003259,
            "posterior_mu_init": 0.561014,
            "posterior_rho_init": -6.311495,
            "prior_pi": 0.297116,
            "prior_sigma_1": 0.740818,
            "prior_sigma_2": 0.904837,
            "class_weight": false,
            "input_size": 588
        }
    },
    "41": {
        "score": 0.6043104612182801,
        "hyperparameters": {
            "anneal": true,
            "beta": 1.734167,
            "dropout_rate": 0.452113,
            "hidden_sizes": [
                25,
                25
            ],
            "lr": 0.00208,
            "posterior_mu_init": 0.404701,
            "posterior_rho_init": -5.895426,
            "prior_pi": 0.829111,
            "prior_sigma_1": 0.904837,
            "prior_sigma_2": 0.606531,
            "class_weight": false,
            "input_size": 588
        }
    }
}