{
    "1": {
        "score": 0.0729360645561763,
        "hyperparameters": {
            "C": 10
        }
    },
    "4": {
        "score": 0.07262569832402235,
        "hyperparameters": {
            "C": 10000
        }
    },
    "0": {
        "score": 0.07200496585971446,
        "hyperparameters": {
            "C": 1
        }
    },
    "3": {
        "score": 0.07200496585971446,
        "hyperparameters": {
            "C": 1000
        }
    },
    "2": {
        "score": 0.07045313469894475,
        "hyperparameters": {
            "C": 100
        }
    }
}