{
    "0": {
        "score": 0.8520284087541246,
        "hyperparameters": {
            "dropout_rate": 0.333312,
            "hidden_sizes": [
                50
            ],
            "lr": 0.000526,
            "class_weight": false,
            "input_size": 588
        }
    },
    "35": {
        "score": 0.8490210719389872,
        "hyperparameters": {
            "dropout_rate": 0.282506,
            "hidden_sizes": [
                30,
                30
            ],
            "lr": 0.000415,
            "class_weight": false,
            "input_size": 588
        }
    },
    "15": {
        "score": 0.8476408912188729,
        "hyperparameters": {
            "dropout_rate": 0.455659,
            "hidden_sizes": [
                50,
                50
            ],
            "lr": 0.000191,
            "class_weight": false,
            "input_size": 588
        }
    },
    "36": {
        "score": 0.8470045180028584,
        "hyperparameters": {
            "dropout_rate": 0.358879,
            "hidden_sizes": [
                25,
                25,
                25
            ],
            "lr": 0.011809,
            "class_weight": false,
            "input_size": 588
        }
    },
    "21": {
        "score": 0.8469843483472408,
        "hyperparameters": {
            "dropout_rate": 0.496307,
            "hidden_sizes": [
                30,
                30,
                30
            ],
            "lr": 0.000216,
            "class_weight": false,
            "input_size": 588
        }
    },
    "1": {
        "score": 0.8465607855792724,
        "hyperparameters": {
            "dropout_rate": 0.442403,
            "hidden_sizes": [
                50,
                50
            ],
            "lr": 0.009654,
            "class_weight": false,
            "input_size": 588
        }
    },
    "29": {
        "score": 0.8456004629965028,
        "hyperparameters": {
            "dropout_rate": 0.308217,
            "hidden_sizes": [
                50,
                50
            ],
            "lr": 0.000243,
            "class_weight": false,
            "input_size": 588
        }
    },
    "26": {
        "score": 0.8454670962940524,
        "hyperparameters": {
            "dropout_rate": 0.168533,
            "hidden_sizes": [
                50,
                50,
                50
            ],
            "lr": 0.000148,
            "class_weight": false,
            "input_size": 588
        }
    },
    "20": {
        "score": 0.844756630465565,
        "hyperparameters": {
            "dropout_rate": 0.390499,
            "hidden_sizes": [
                50,
                50
            ],
            "lr": 0.011444,
            "class_weight": false,
            "input_size": 588
        }
    },
    "19": {
        "score": 0.8442795563663666,
        "hyperparameters": {
            "dropout_rate": 0.127921,
            "hidden_sizes": [
                30
            ],
            "lr": 0.000315,
            "class_weight": false,
            "input_size": 588
        }
    }
}