{
    "0": {
        "score": -1974.8955530442736,
        "hyperparameters": {
            "n_components": 2
        }
    },
    "1": {
        "score": -2028.5291308670228,
        "hyperparameters": {
            "n_components": 3
        }
    },
    "2": {
        "score": -2078.2122995958175,
        "hyperparameters": {
            "n_components": 4
        }
    },
    "3": {
        "score": -2117.214095930971,
        "hyperparameters": {
            "n_components": 5
        }
    },
    "4": {
        "score": -2159.828231439597,
        "hyperparameters": {
            "n_components": 6
        }
    }
}